clarity_id,clarity
03c358cbd92e83278fd523f58dc6a9b4b198d00728af65a6b43eef5e874d2715,SI2
3f9db06236e9719b61c826b612b882fa702ec81574e44c04e8f047a7a3b0e798,VVS2
66686ae1f0c9c400ba32dc600a34ff0aa173395bcbc2d88752f0eed289832ed3,VVS1
7020fd7aaf1656dea5c0c0c3d4bb5a28ebf6243fba95d380467472757b6866ed,IF
bd4f4a250da88f87729febc739ae97f439a14f9d38f0e31d4d389529e2f939c2,SI1
c2818bc4e5ec4ae4a357a0df6fed73652e169ec676f7d4718cfb6807c5f7d1b0,I1
ef736c1f91cd1900c3d9cde925b1bf4f013adc0211a9ee7cae713008403c1b27,VS1
f0b2a1d0db08cc64f85d74f1d15c2191e0e49039f4d8f23b38bfb65fd9ed86c6,VS2
